regiao,area,quartos,banheiros,garagens,condominio,aluguel
aguas-claras,156,4,4,2,1018,4800
aguas-claras,186,4,2,3,1072,4500
aguas-claras,3636,1,1,1,333,1550
aguas-claras,55,2,1,1,80,800
aguas-claras,40,1,1,1,342,1100
aguas-claras,200,,2,,,12500
aguas-claras,62,2,2,1,420,3100
aguas-claras,407,,3,1,,12210
aguas-claras,34,1,1,1,350,1750
aguas-claras,62,2,2,1,600,3450
aguas-claras,1000,,1,,1554,12000
aguas-claras,91,2,1,,,5000
aguas-claras,62,2,2,1,493,2700
aguas-claras,4000,,1,,1995,11428
aguas-claras,168,3,6,2,1632,5500
aguas-claras,135,3,5,2,690,4900
aguas-claras,58,1,1,1,469,1700
aguas-claras,1000,,1,,969,12500
aguas-claras,65,1,,1,340,1750
aguas-claras,505,,1,,4032,21700
aguas-claras,147,3,3,3,770,3800
aguas-claras,110,3,2,1,,3000
aguas-claras,106,2,1,1,650,2600
aguas-claras,66,2,3,1,,3100
aguas-claras,69,2,2,2,740,2800
aguas-claras,32,,1,1,,1344
aguas-claras,120,3,3,2,928,4600
aguas-claras,120,3,3,1,867,4000
aguas-claras,71,3,2,1,745,2800
aguas-claras,28,1,1,1,310,1000
aguas-claras,35,1,1,1,260,1000
aguas-claras,73,2,2,1,411,2300
aguas-claras,110,,,,,6000
aguas-claras,63,2,2,1,408,2200
aguas-claras,55,2,2,1,468,1900
aguas-claras,1600,,,,,50000
aguas-claras,35,1,1,1,261,1200
aguas-claras,100000,,1,1,199,1300
aguas-claras,373,,,,,20000
aguas-claras,40,1,1,1,430,1600
aguas-claras,46,1,,1,377,1650
aguas-claras,199,3,,1,678,2750
aguas-claras,41,1,1,1,227,1150
aguas-claras,57,,2,,580,4800
aguas-claras,177,3,5,2,909,9000
aguas-claras,70,2,2,1,460,2900
aguas-claras,46,1,,1,377,1650
aguas-claras,111,3,1,2,673,2700
aguas-claras,99,,3,3,1200,4900
aguas-claras,47,1,2,1,459,1990
aguas-claras,35,1,1,1,261,1200
aguas-claras,83,2,2,2,716,2500
aguas-claras,74,2,1,1,543,2000
aguas-claras,30,1,1,1,406,850
aguas-claras,85,3,3,2,678,2600
aguas-claras,120,2,3,2,,3200
aguas-claras,63,2,,1,443,2600
aguas-claras,843,,,,,42000
aguas-claras,55,2,2,1,468,1900
aguas-claras,28,,1,1,320,1350
aguas-claras,50,2,1,,,1800
aguas-claras,45,1,1,1,250,1290
aguas-claras,55,,1,1,,5000
aguas-claras,70,2,2,,507,2100
aguas-claras,99,,3,3,1200,4900
aguas-claras,50,2,1,,,1800
aguas-claras,35,1,1,1,212,780
aguas-claras,393,,,,5300,21700
aguas-claras,34,1,1,1,322,800
aguas-claras,41,1,1,,,1300
aguas-claras,31,1,1,1,,1500
aguas-claras,111,,1,,,16000
aguas-claras,31,1,1,1,330,1490
aguas-claras,63,2,,1,443,2600
aguas-claras,31,1,1,1,330,1350
aguas-claras,47,1,2,1,459,1990
aguas-claras,57,,2,,580,4800
aguas-claras,106,3,3,1,852,3700
aguas-claras,490,,6,4,3150,17000
aguas-claras,24,1,1,1,672,1200
aguas-claras,85,3,3,2,678,2600
aguas-claras,58,2,2,1,550,2200
aguas-claras,117,3,2,2,700,2890
aguas-claras,70,,2,1,,2967
aguas-claras,74,2,1,1,543,2000
aguas-claras,120,2,3,2,,3200
aguas-claras,90,2,3,1,689,3000
aguas-claras,33,,1,1,,1336
aguas-claras,61,,1,1,,2440
aguas-claras,114,3,3,1,966,3000
aguas-claras,440,,,,,24000
aguas-claras,29,1,1,1,380,850
aguas-claras,108,,2,1,760,4500
aguas-claras,28,,1,1,320,1350
aguas-claras,60,2,2,1,691,2200
aguas-claras,447,,,,5900,24600
aguas-claras,83,2,2,2,716,2500
aguas-claras,29000,1,1,1,199,1299
aguas-claras,120,3,3,1,816,3300
aguas-claras,120,,1,,1100,9500
aguas-claras,45,1,1,1,250,1290
aguas-claras,27,1,1,1,550,1250
aguas-claras,2000,,1,,1680,9066
aguas-claras,1,,1,,875,5033
aguas-claras,75,3,1,2,807,3200
aguas-claras,32,1,1,,306,1100
aguas-claras,33,1,1,1,354,1950
aguas-claras,83,2,3,1,679,2600
aguas-claras,44,,,,1070,2600
aguas-claras,1,,1,,875,5033
aguas-claras,,,,1,48,100
aguas-claras,150,,2,,1200,12000
aguas-claras,37,1,1,1,360,1800
aguas-claras,75,3,1,2,807,3200
aguas-claras,32,1,1,1,364,1000
aguas-claras,70,3,3,1,550,2800
aguas-claras,1912,,,,,80000
aguas-claras,300,,,,,28000
aguas-claras,843,,3,,,42000
aguas-claras,34,,1,,445,1300
aguas-claras,2000,,1,,1680,9066
aguas-claras,31,1,1,1,380,1050
aguas-claras,50,,1,,306,3000
aguas-claras,129,3,1,2,810,1000
aguas-claras,33,1,,1,350,1500
aguas-claras,27,1,1,1,550,1250
aguas-claras,116,3,2,2,627,3800
aguas-claras,33,1,1,1,350,1350
aguas-claras,140,3,3,1,539,2900
aguas-claras,94,3,2,1,680,2700
aguas-claras,30,1,1,1,426,1000
aguas-claras,50,,1,,,432
aguas-claras,70,2,2,1,513,2500
aguas-claras,137,2,2,1,530,2500
aguas-claras,225,3,3,2,390,5500
aguas-claras,106,3,2,1,824,4050
aguas-claras,30,,1,,1400,900
aguas-claras,52,1,1,,120,700
aguas-claras,177,3,5,2,877,9500
aguas-claras,35,,1,1,501,1700
aguas-claras,44,1,1,1,399,1500
aguas-claras,880,,4,,,14000
aguas-claras,35,,1,1,,1200
aguas-claras,36,1,1,1,,1700
aguas-claras,40,1,1,1,258,1350
aguas-claras,100,2,2,1,518,2200
aguas-claras,35,1,1,1,292,1000
aguas-claras,35,1,1,1,385,900
aguas-claras,47,1,,1,380,1600
aguas-claras,61,2,2,1,398,2100
aguas-claras,98,2,2,1,630,2500
aguas-claras,33,1,1,1,352,1790
aguas-claras,450,,,,,13000
aguas-claras,4,,,1,56,250
aguas-claras,60,,2,2,500,1600
aguas-claras,32,1,1,1,374,1100
aguas-claras,576,,1,,,28800
aguas-claras,37,1,1,1,360,1600
aguas-claras,60,1,2,1,434,1600
aguas-claras,49,1,1,1,329,1800
aguas-claras,73,3,2,1,362,1500
aguas-claras,55,1,2,1,463,1600
aguas-claras,96,3,3,1,,2800
aguas-claras,37,1,1,1,370,1800
aguas-claras,36,1,1,1,324,1300
aguas-claras,36,1,1,1,320,1000
aguas-claras,29,,1,,382,3000
aguas-claras,34,1,1,1,320,1000
asa-norte,38,1,1,1,1200,1275
asa-norte,58,1,2,1,1560,2700
asa-norte,33,1,1,1,430,1100
asa-norte,28,1,1,1,663,1991
asa-norte,30,1,1,1,426,1100
asa-norte,75,2,2,1,1325,6500
asa-norte,25,,1,,250,1100
asa-norte,30,1,1,,1000,1208
asa-norte,60,2,2,1,1220,3500
asa-norte,28,1,1,1,250,1080
asa-norte,30,1,1,1,376,1000
asa-norte,159,2,3,2,1018,5000
asa-norte,25,,1,,250,1100
asa-norte,30,1,1,1,669,2150
asa-norte,27,1,1,1,1200,1105
asa-norte,123,3,3,1,1200,4200
asa-norte,99,3,2,2,,7400
asa-norte,27,1,1,1,293,1100
asa-norte,80,3,2,,577,3400
asa-norte,198,4,4,3,1898,8800
asa-norte,27,1,1,1,410,750
asa-norte,28,1,1,,295,700
asa-norte,95,2,2,,510,2750
asa-norte,40,2,1,,,900
asa-norte,63,2,2,,638,2100
asa-norte,40,1,1,,,2950
asa-norte,109,3,3,1,480,3900
asa-norte,49,1,1,1,447,2300
asa-norte,50,1,1,1,415,1700
asa-norte,27,1,1,1,334,900
asa-norte,71,1,1,,1490,2500
asa-norte,85,2,,,650,3000
asa-norte,54,2,2,1,467,2800
asa-norte,25,1,1,1,393,900
asa-norte,32,1,1,,280,1000
asa-norte,72,1,1,,1597,3000
asa-norte,33,1,1,,272,800
asa-norte,30,1,1,1,230,1100
asa-norte,50,1,1,,380,1800
asa-norte,65,2,1,1,700,2600
asa-norte,99,3,2,2,1800,9000
asa-norte,71,1,1,,1490,4200
asa-norte,51,2,1,1,,2800
asa-norte,30,1,1,,190,850
asa-norte,38,1,1,,369,980
asa-norte,26,1,,,355,780
asa-norte,30,1,1,,185,750
asa-norte,52,1,1,1,354,1200
asa-norte,123,3,2,1,1000,4100
asa-norte,27,1,,1,250,1500
asa-norte,65,1,1,1,423,950
asa-norte,28,1,1,1,354,1000
asa-norte,50,1,1,,,2600
asa-norte,37,1,1,,999,2021
asa-norte,96,2,2,2,,8500
asa-norte,40,2,1,,,900
asa-norte,184,4,3,1,1000,4100
asa-norte,51,1,1,1,,2800
asa-norte,46,1,1,,,2400
asa-norte,35,1,,,750,1400
asa-norte,55,2,1,,436,2500
asa-norte,35,1,1,,494,2000
asa-norte,35,1,1,,333,850
asa-norte,60,2,2,1,1220,3500
asa-norte,34,1,1,,,1200
asa-norte,202,3,2,2,830,6200
asa-norte,30,1,1,,202,850
asa-norte,35,1,1,,200,1400
asa-norte,35,1,1,,442,1220
asa-norte,175,3,2,1,661,4000
asa-norte,65,1,1,1,296,940
asa-norte,34,1,1,,,2300
asa-norte,40,1,1,,400,940
asa-norte,53,1,1,,860,3500
asa-norte,28,1,1,,377,990
asa-norte,110,3,2,1,850,3500
asa-norte,33,1,1,1,,3000
asa-norte,200,3,3,2,1126,7500
asa-norte,74,,,,1998,6084
asa-norte,45,1,1,1,,3850
asa-norte,35,,1,,304,703
asa-norte,28,1,1,1,360,1600
asa-norte,72,2,2,1,570,3200
asa-norte,99,3,2,2,1850,8400
asa-norte,28,1,1,1,298,1300
asa-norte,348,3,3,1,890,5300
asa-norte,65,2,2,,460,2800
asa-norte,45,1,1,,,2980
asa-norte,127,3,3,1,1100,5300
asa-norte,181,3,6,2,1425,8000
asa-norte,178,3,3,1,,8000
asa-norte,27,1,1,1,1200,1105
asa-norte,28,1,1,1,298,850
asa-norte,180,3,4,1,900,4800
asa-norte,37,,,,999,2382
asa-norte,36,1,1,,,1250
asa-norte,96,2,1,1,,9300
asa-norte,122,3,3,1,1200,6500
asa-norte,187,4,3,1,900,5500
asa-norte,25,1,1,1,393,900
asa-norte,35,1,,,750,1400
asa-norte,96,3,3,1,787,4250
asa-norte,155,2,2,2,1714,12000
asa-norte,27,1,1,1,367,1600
asa-norte,119,3,2,1,,5358
asa-norte,90,3,2,,902,2500
asa-norte,33,1,1,1,,3000
asa-norte,35,,1,,304,703
asa-norte,178,3,3,1,,8000
asa-norte,48,1,1,,,3000
asa-norte,96,2,1,1,,9300
asa-norte,27,1,1,1,410,750
asa-norte,100,3,,,1749,8900
asa-norte,35,1,,,750,1400
asa-norte,25,1,1,1,439,1450
asa-norte,36,1,1,,,1450
asa-norte,31,1,,,199,699
asa-norte,28,1,1,,377,990
asa-norte,119,3,2,1,,5358
asa-norte,34,1,1,,245,700
asa-norte,140,4,3,1,1400,4200
asa-norte,27,1,1,1,1200,1105
asa-norte,74,2,2,1,,3300
asa-norte,127,3,1,1,990,3500
asa-norte,58,1,2,1,1560,2700
asa-norte,34,1,1,,,1280
asa-norte,127,3,1,1,990,3500
asa-norte,73,2,2,2,1315,6600
asa-norte,74,2,2,1,,3300
asa-norte,27,1,1,,200,1225
asa-norte,30,1,1,,330,1550
asa-norte,100,3,,,1749,8900
asa-norte,140,4,4,,2000,6000
asa-norte,79,1,1,1,980,2190
asa-norte,34,1,1,,,1092
asa-norte,272,4,6,3,2440,16000
asa-norte,25,1,1,1,331,900
asa-norte,34,1,1,,245,700
asa-norte,27,1,1,1,410,750
asa-norte,122,3,3,1,1200,6500
asa-norte,34,1,1,,,1280
asa-norte,30,1,1,1,549,2200
asa-norte,38,1,1,1,1200,1220
asa-norte,31,1,,,199,699
asa-norte,28,1,1,1,663,1692
asa-norte,30,1,1,,,2500
asa-norte,134,3,2,2,1700,9000
asa-norte,272,4,6,3,2440,16000
asa-norte,50,1,1,,239,1100
asa-norte,30,1,1,1,453,1000
asa-norte,33,1,1,,200,1100
asa-norte,25,1,1,,389,790
asa-norte,23,,1,1,230,700
asa-norte,30,1,1,,,800
asa-norte,37,1,1,,981,2200
asa-norte,30,1,1,1,557,2200
asa-norte,53,1,1,,859,3041
asa-norte,47,1,1,,310,1600
asa-norte,75,2,2,1,862,6200
asa-norte,140,4,2,1,1450,3800
asa-norte,22,1,1,,222,850
asa-norte,33,1,,1,498,2200
asa-norte,27,1,1,,310,800
asa-norte,35,1,1,,222,850
asa-norte,159,2,3,2,1018,4800
asa-norte,33,1,1,,200,1100
asa-norte,25,1,1,1,408,1200
asa-norte,27,1,1,1,393,1050
asa-norte,37,1,1,,981,2200
asa-norte,30,1,1,1,557,2200
asa-norte,163,4,4,2,1260,7000
asa-norte,90,3,3,,570,3690
asa-norte,130,3,3,1,1260,4100
asa-norte,30,1,1,,360,1000
asa-norte,55,2,2,1,450,2500
asa-norte,53,1,1,1,860,3177
asa-norte,71,1,1,,1490,2500
asa-norte,37,1,,,217,900
asa-norte,51,1,1,1,,2800
asa-norte,28,1,1,1,418,2500
asa-norte,24,1,1,,,1500
asa-norte,25,1,1,1,331,900
asa-norte,26,1,1,,1570,2000
asa-norte,25,1,1,1,355,1200
asa-norte,28,1,1,,333,800
asa-norte,33,1,1,,372,900
asa-norte,91,3,2,1,850,5000
asa-norte,27,1,1,,240,1400
asa-norte,50,1,1,,,2600
asa-norte,162,5,4,1,640,7000
asa-norte,144,4,4,2,1248,7000
asa-norte,25,1,1,1,300,1200
asa-norte,51,1,1,,,2950
asa-norte,65,1,1,1,423,950
asa-norte,51,1,1,,,2200
asa-norte,41,1,1,,250,800
asa-norte,131,3,2,1,1150,4650
asa-norte,55,2,1,,436,2500
asa-norte,29,1,1,,,2500
asa-norte,53,1,,,859,3300
asa-norte,74,2,2,1,,3300
asa-norte,35,1,1,,210,650
asa-norte,51,1,1,,1490,2900
asa-norte,130,3,3,1,1100,4500
asa-norte,20,1,1,,150,1150
asa-norte,140,3,3,1,1100,3500
asa-norte,30,1,1,1,320,1100
asa-norte,27,1,1,1,324,1100
asa-norte,73,2,3,2,746,4100
asa-norte,30,1,1,,372,850
asa-sul,28,1,1,,223,1100
asa-sul,28,1,1,,223,700
asa-sul,27,1,1,,388,900
asa-sul,60,3,2,1,980,2000
asa-sul,42,1,1,,450,1200
asa-sul,154,3,1,1,1200,3700
asa-sul,34,1,1,,370,1200
asa-sul,54,2,1,,350,1800
asa-sul,157,3,3,1,1085,5500
asa-sul,250,4,2,2,1500,6000
asa-sul,146,3,3,1,850,5700
asa-sul,256,4,4,2,1700,9000
asa-sul,28,1,1,1,233,1500
asa-sul,200,4,5,2,2036,8000
asa-sul,72,2,2,,955,2500
asa-sul,35,1,1,1,370,1980
asa-sul,42,1,1,,368,900
asa-sul,93,3,2,,730,3000
asa-sul,256,5,5,2,1700,9000
asa-sul,250,4,3,2,1900,6600
asa-sul,120,3,2,,1023,4500
asa-sul,63,2,2,1,527,3300
asa-sul,24,1,1,,288,900
asa-sul,36,1,1,1,370,1500
asa-sul,100,1,,1,,13000
asa-sul,54,1,1,,,2950
asa-sul,63,1,1,1,1380,4100
asa-sul,30,1,1,,,3900
asa-sul,48,2,1,,550,2390
asa-sul,30,1,1,,900,3000
asa-sul,38,1,1,1,370,1400
asa-sul,160,3,3,1,890,6000
asa-sul,145,3,2,,885,3990
asa-sul,155,3,1,,520,2800
asa-sul,80,2,3,1,979,2900
asa-sul,161,2,2,,1440,3500
asa-sul,45,1,1,,355,1600
asa-sul,144,4,2,1,1100,5500
asa-sul,140,3,4,2,1500,5000
asa-sul,120,3,2,,859,4200
asa-sul,158,3,,1,1100,6200
asa-sul,56,1,1,,355,1600
asa-sul,100,3,3,1,,3900
asa-sul,35,1,1,1,370,1980
asa-sul,175,2,3,1,775,9500
asa-sul,28,1,1,,280,1500
asa-sul,56,2,1,,293,1300
asa-sul,256,5,5,2,1700,9000
asa-sul,130,3,3,1,850,4800
asa-sul,235,4,4,2,1830,8000
asa-sul,30,1,1,,1700,1232
asa-sul,48,1,1,1,1150,2700
asa-sul,112,3,2,,859,4200
asa-sul,117,4,4,1,1100,4600
asa-sul,264,4,3,,1700,6000
asa-sul,160,3,2,1,1350,8000
asa-sul,30,1,1,1,,1400
asa-sul,154,4,3,,1200,4000
asa-sul,200,4,2,1,1390,5300
asa-sul,36,1,1,,381,1550
asa-sul,256,4,1,2,1700,9000
asa-sul,240,4,4,,1900,6500
asa-sul,90,2,2,,405,2200
asa-sul,157,,3,4,,10000
asa-sul,235,4,4,2,1830,8000
asa-sul,29,1,1,1,329,1250
asa-sul,36,1,1,,381,1550
asa-sul,150,,,,,13578
asa-sul,140,3,1,1,1400,6300
asa-sul,135,2,2,,900,3300
asa-sul,86,,1,,909,5000
asa-sul,167,3,3,4,,7800
asa-sul,140,3,2,,1060,5500
asa-sul,240,4,4,,1900,6500
asa-sul,35,1,1,,380,750
asa-sul,165,3,1,1,930,4250
asa-sul,228,,2,6,4217,19550
asa-sul,35,,1,,230,1550
asa-sul,180,,2,4,3428,15450
asa-sul,713,,,14,3501,69000
asa-sul,30,1,1,1,326,1200
asa-sul,250,4,3,2,1900,6600
asa-sul,12,,,1,,300
asa-sul,135,4,3,,800,4000
asa-sul,35,,1,,463,1100
asa-sul,51,,1,,1244,2550
asa-sul,12,,,1,145,150
asa-sul,211,4,3,,1020,4800
asa-sul,169,2,3,1,1800,9000
asa-sul,75,2,1,1,610,3500
asa-sul,81,3,2,,425,2350
asa-sul,67,,,,,2500
asa-sul,200,4,2,1,1390,5300
asa-sul,256,4,1,2,1700,9000
asa-sul,105,,,,,5500
asa-sul,100,,2,,1007,2173
asa-sul,52,,1,1,728,6900
asa-sul,151,4,3,,1200,4000
asa-sul,2931,,16,40,35216,145000
asa-sul,30,,1,,650,2000
asa-sul,89,1,1,1,850,4500
asa-sul,245,4,,2,2735,8000
asa-sul,126,4,3,1,1110,6500
asa-sul,33,,1,,300,900
asa-sul,154,,2,,2171,6000
asa-sul,153,,3,,3571,9000
asa-sul,560,,10,,,18000
asa-sul,339,,5,3,5618,24000
asa-sul,30,,2,1,680,900
asa-sul,72,2,2,,955,2500
asa-sul,33,,1,,319,1500
asa-sul,34,,1,1,676,1900
asa-sul,112,3,3,1,900,3500
asa-sul,70,,1,,,6500
asa-sul,153,,2,,2008,10500
asa-sul,35,,1,,,500
asa-sul,543,,8,,11307,39958
asa-sul,53,1,,,900,2000
asa-sul,30,,1,,533,1200
asa-sul,48,1,1,1,1150,2700
asa-sul,126,3,3,1,,9500
asa-sul,68,,,,334,1250
asa-sul,165,3,1,1,930,4250
asa-sul,32,,1,,316,850
asa-sul,730,,,,1420,24000
asa-sul,154,,2,,2171,6000
asa-sul,60,2,2,,430,2200
asa-sul,208,4,1,2,1479,6500
asa-sul,85,2,1,,740,2750
asa-sul,100,3,3,1,1050,5500
asa-sul,63,2,2,1,527,3300
asa-sul,54,2,1,,340,2700
asa-sul,54,2,1,,300,1450
asa-sul,40,1,1,1,1000,2500
asa-sul,74,1,1,1,980,2450
asa-sul,45,1,1,,293,1800
asa-sul,25,1,1,1,306,1200
asa-sul,137,3,2,,1000,6000
asa-sul,131,3,3,1,1054,3950
asa-sul,70,3,2,,1000,3100
asa-sul,44,1,1,,298,1600
asa-sul,35,1,1,,,3000
asa-sul,247,4,4,2,2100,12800
asa-sul,150,3,,1,1000,5300
asa-sul,27,1,1,1,323,1150
asa-sul,136,3,3,1,980,3850
asa-sul,160,3,3,,1340,5100
asa-sul,30,1,1,,,3900
asa-sul,148,2,2,,1300,4000
asa-sul,161,3,,,1100,7500
asa-sul,25,1,1,1,266,1300
asa-sul,40,1,1,1,1100,2700
asa-sul,203,4,5,2,1900,11500
asa-sul,237,3,4,2,1700,10500
asa-sul,1,2,1,,690,2000
asa-sul,85,3,3,1,855,4100
asa-sul,40,,1,1,,4500
asa-sul,133,3,3,,,4500
asa-sul,32,1,1,,,4000
asa-sul,120,3,2,1,1050,5100
asa-sul,120,3,2,1,1045,3000
asa-sul,35,1,2,,400,1200
asa-sul,55,1,1,,,1400
asa-sul,48,1,1,1,,4250
asa-sul,50,1,1,,,3050
asa-sul,36,1,1,1,370,1500
asa-sul,41,1,1,1,,3600
asa-sul,37,1,1,,310,1700
asa-sul,55,2,1,,403,2000
asa-sul,83,3,1,,350,3300
asa-sul,160,4,3,2,1300,5000
asa-sul,70,2,1,,720,2200
asa-sul,380,5,3,2,1700,8000
asa-sul,26,1,1,1,291,1600
asa-sul,105,3,1,,1105,3800
asa-sul,64,1,1,1,1100,2900
asa-sul,161,3,3,,1040,4100
asa-sul,132,3,3,,850,5600
asa-sul,184,3,1,1,1050,4000
asa-sul,75,2,1,1,865,2500
asa-sul,24,1,1,1,238,1450
asa-sul,35,1,1,,,3000
asa-sul,150,3,3,,1350,4000
asa-sul,126,3,3,1,1419,4000
asa-sul,112,3,3,1,938,3800
asa-sul,230,4,4,2,1564,6900
asa-sul,89,3,,1,914,4500
asa-sul,50,2,1,,420,2300
asa-sul,40,,1,,,1300
ceilandia,52,2,1,1,368,1380
ceilandia,120,3,2,3,,1300
ceilandia,150,,1,,,1700
ceilandia,120,3,2,2,,1300
ceilandia,121,2,2,,,1400
ceilandia,61,2,2,1,380,1350
ceilandia,2192,,,,,10000
ceilandia,57,,1,,300,1000
ceilandia,80,2,1,1,,1500
ceilandia,75,2,,,,900
ceilandia,151,3,2,2,,2500
ceilandia,20,,,,,2000
ceilandia,300,,,,,6000
ceilandia,37,,,,,1000
ceilandia,40,1,1,,,600
ceilandia,83,,1,,,2500
ceilandia,40,1,1,,,450
ceilandia,40,1,1,,,450
ceilandia,116,,2,,1300,4000
ceilandia,65,,2,,,3273
ceilandia,70,2,1,,,900
ceilandia,70,2,1,,,900
ceilandia,116,,2,,1300,4000
ceilandia,57,,1,,300,1400
ceilandia,40,1,1,,,450
ceilandia,110,3,2,1,,1020
ceilandia,65,,2,,,3273
ceilandia,54,2,2,,402,1450
ceilandia,25,,1,,50,1250
ceilandia,300,,3,,,5000
ceilandia,33,1,1,,70,750
ceilandia,40,1,1,,,600
ceilandia,40,1,1,1,,550
ceilandia,150,,3,,,5000
ceilandia,116,,2,,400,5800
ceilandia,40,1,1,,,800
ceilandia,250,6,6,3,,2500
ceilandia,60,2,1,1,337,1000
ceilandia,26,1,1,,,450
ceilandia,170,,1,,,1200
ceilandia,120,3,2,4,,1400
ceilandia,40,1,1,,65,500
ceilandia,25,,,,,1000
ceilandia,80,,1,,,1300
ceilandia,50,2,1,1,,700
ceilandia,300,,,,,6000
ceilandia,120,3,2,4,,1400
ceilandia,50,2,1,1,,700
ceilandia,75,,2,,,2000
ceilandia,600,,3,,,5200
ceilandia,70,2,1,1,,800
ceilandia,45,1,1,1,65,500
ceilandia,60,1,1,1,,850
ceilandia,46,1,1,1,293,1450
ceilandia,25,1,1,,,450
ceilandia,90,2,2,1,70,1400
ceilandia,75,,2,,,2000
ceilandia,26,,1,,,1200
ceilandia,250,4,4,3,,2500
ceilandia,26,1,1,,,450
ceilandia,40,1,1,,65,500
ceilandia,100,,2,,,1200
ceilandia,70,,1,,,1700
ceilandia,45,1,1,,,550
ceilandia,32,1,1,,,400
ceilandia,135,2,1,1,,1200
ceilandia,21,,1,,,950
ceilandia,5000,,,,,40000
ceilandia,60,2,1,1,,600
ceilandia,234,,1,,,2300
ceilandia,4,,,,,300
ceilandia,70,2,2,,,500
ceilandia,50,2,1,,,550
ceilandia,75,,2,,,2100
ceilandia,30,1,1,1,,500
ceilandia,32,2,1,,,500
ceilandia,250,,4,,,6000
ceilandia,70,3,1,2,,850
ceilandia,45,,1,,,1500
ceilandia,78,3,1,1,,1000
ceilandia,50,1,1,,,500
ceilandia,150,2,2,2,,900
ceilandia,60,2,1,,,1000
ceilandia,800,,3,,,32000
ceilandia,4975,,,,,15000
ceilandia,300,1,2,,,3000
ceilandia,50,2,1,,,550
ceilandia,40,2,1,,,450
ceilandia,60,2,1,,,700
ceilandia,110,,1,,,3700
ceilandia,50,2,1,,,850
ceilandia,116,,2,,1300,4000
ceilandia,400,,5,,,11000
ceilandia,60,3,1,,,850
ceilandia,21,,1,,,950
ceilandia,26,2,1,1,,750
ceilandia,70,2,1,1,,900
ceilandia,120,3,2,2,,1400
ceilandia,56,2,,1,316,1100
ceilandia,250,3,2,1,,1800
ceilandia,60,2,1,2,,1100
ceilandia,32,2,1,,,500
ceilandia,50,1,1,,,500
ceilandia,35,1,1,,20,520
ceilandia,90,3,1,,,1400
ceilandia,60,2,1,2,,1100
ceilandia,56,2,,1,316,1100
ceilandia,36,,,,,750
ceilandia,119,,1,,,2600
ceilandia,400,,5,,,11000
ceilandia,45,,1,,,1500
ceilandia,60,2,1,4,,1100
ceilandia,72,2,1,,,850
ceilandia,70,2,2,,,500
ceilandia,50,2,1,,,850
ceilandia,30,,1,,,1100
ceilandia,35,1,1,,,650
ceilandia,400,3,2,3,,1900
ceilandia,400,,5,,,11000
ceilandia,32,1,1,1,,690
ceilandia,50,2,1,1,,900
ceilandia,44,,1,,,1000
ceilandia,120,3,2,2,,1400
ceilandia,135,3,1,2,,1200
ceilandia,28,1,1,,,450
ceilandia,65,2,1,,,900
ceilandia,30,1,1,,200,850
ceilandia,85,2,1,1,,900
ceilandia,60,2,1,,,700
ceilandia,50,1,1,,,500
ceilandia,30,1,1,,,450
ceilandia,120,,2,,,2300
ceilandia,300,1,2,,,3000
ceilandia,35,1,1,,20,520
ceilandia,90,3,1,,,1400
ceilandia,25,1,1,,,550
ceilandia,70,3,1,2,,850
ceilandia,120,,2,,,1000
ceilandia,22,1,1,,,450
ceilandia,45,2,1,,,700
ceilandia,110,,1,,,3700
ceilandia,200,3,2,,,2490
ceilandia,50,2,2,,,400
ceilandia,35,1,1,,,450
ceilandia,150,2,2,2,,900
ceilandia,55,2,1,1,360,800
ceilandia,400,,5,,,11000
gama,86,,2,,348,6500
gama,800,5,5,4,300,8150
gama,74,3,1,1,,1950
gama,40,1,1,,50,680
gama,1200,,2,,,9900
gama,300000,,1,200,,1600
gama,60,2,2,1,365,1500
gama,61,2,2,1,,2200
gama,40,1,1,,,450
gama,75,2,1,,433,800
gama,195,3,2,4,,2500
gama,160,,3,,,2700
gama,120,4,3,,,2010
gama,225,,,,,700
gama,1050,,,200,,7000
gama,50,2,1,,,945
gama,222,,1,,3300,10500
gama,,,1,,185,450
gama,72,3,2,1,450,3000
gama,45,1,1,,,610
gama,200,,3,,,2100
gama,34,,1,,,950
gama,190,,1,,1200,8100
gama,200,,,,,15000
gama,1600,,,,,32000
gama,72,3,2,1,395,3000
gama,110,,2,,,1910
gama,275,4,3,2,,2000
gama,500,,,,,40000
gama,6000,,4,,,40000
gama,150,3,1,1,,1310
gama,33,1,1,,130,620
gama,800,,1,,,15000
gama,280,,,,,2000
gama,30,,1,,450,1180
gama,50,1,1,,70,800
gama,260,6,3,4,,2960
gama,495,,,,,13000
gama,58,,2,1,350,1610
gama,55,2,1,,,810
gama,60,2,,,50,1000
gama,55,,1,1,,1010
gama,2400,,2,,,30000
gama,270,6,6,,,520
gama,46797,,4,,,421173
gama,300,,,,,22500
gama,45,2,,,,700
gama,76,3,2,1,546,1200
gama,120,3,,2,,1600
gama,60,,1,,900,2360
gama,300,,,,,22500
gama,62,2,1,,,850
gama,34,,1,,350,750
gama,,3,,2,,2200
gama,68,2,1,1,,1250
gama,58,2,1,1,264,1650
gama,80,3,2,1,407,1200
gama,160,,1,,2380,10450
gama,110,,2,,,1910
gama,500,,2,,,8000
gama,130,,4,,1980,5100
gama,3800,,,,,40000
gama,1500,,,,,13000
gama,495,,,,,13000
gama,1050,,,200,,7000
gama,,,1,,185,450
gama,33,1,1,,130,620
gama,300,,,,,22500
gama,275,4,3,2,,2000
gama,45,2,,,,700
gama,270,6,6,,,520
gama,160,,1,,2380,10450
gama,120,4,3,,,2010
gama,58,2,1,1,264,1650
gama,120,3,,2,,1600
gama,2400,,2,,,30000
gama,500,,,,,40000
gama,3800,,,,,40000
gama,200,,,,,15000
gama,80,3,2,1,407,1200
gama,,3,,2,,2200
gama,62,2,1,,,850
gama,1600,,,,,32000
gama,110,,2,,,1910
guara,91,2,1,,,5000
guara,200,,3,,,3500
guara,300,,3,,,9000
guara,57,2,2,1,453,2200
guara,74,2,2,1,860,3250
guara,110,3,,2,450,3000
guara,120,,1,1,,2300
guara,49,1,1,,50,950
guara,48,1,1,1,594,3600
guara,31,1,1,,260,700
guara,51,1,1,,,1000
guara,47,1,1,,,750
guara,30,1,1,,160,850
guara,895,,,,,45000
guara,1200,,2,,,17800
guara,75,3,2,1,545,1800
guara,167,2,1,2,680,5300
guara,200,4,2,3,,2100
guara,36,1,1,,,740
guara,49,1,1,,50,950
guara,43,1,1,,250,1000
guara,28,1,1,1,160,800
guara,78,3,2,2,654,3300
guara,120,2,1,1,,1850
guara,50,1,1,1,,1447
guara,101,2,,,,5800
guara,32,1,1,,,650
guara,74,2,3,1,537,2500
guara,28,1,1,,304,1100
guara,43,1,1,,278,900
guara,192,3,2,6,,5900
guara,45,1,1,1,,1268
guara,76,,1,,306,1750
guara,39,1,1,1,427,1590
guara,60,2,1,,30,950
guara,181,4,1,4,,3300
guara,56,1,1,1,455,2200
guara,77,2,3,2,875,4600
guara,76,,1,,306,1575
guara,120,2,1,2,,2200
guara,48,1,1,,100,1000
guara,100,,2,,,3000
guara,72,2,2,2,793,2200
guara,5328,,,56,,150000
guara,26,1,,1,365,1600
guara,1047,,2,,,15000
guara,30,,1,,,700
guara,114,3,3,2,,4500
guara,113,4,3,2,378,5500
guara,29,1,1,,,630
guara,58,2,2,2,442,2500
guara,25,,1,,,600
guara,101,2,2,2,,2200
guara,64,2,1,1,510,1700
guara,33,1,1,1,240,700
guara,48,2,1,,370,1300
guara,78,,,,,6822
guara,56,1,1,,278,800
guara,83,2,1,1,411,1350
guara,28,,,,,1848
guara,84,2,3,2,851,3800
guara,50,2,1,1,,1060
guara,35,,1,1,345,1000
guara,57,2,2,1,,2300
guara,29,1,1,1,336,1200
guara,43,1,1,1,516,2200
guara,39,,,,297,1000
guara,43,,1,,261,1060
guara,40,1,1,,,850
guara,33,,,,,2169
guara,28,,,,,1848
guara,35,1,1,1,414,1600
guara,24,,1,,292,600
guara,35,1,1,1,526,1800
guara,27,,1,,,600
guara,25,1,1,,,680
guara,4732,,,56,,170000
guara,28,,,,,1848
guara,78,3,2,,400,1500
guara,30,,,,,1956
guara,54,2,1,,466,1600
guara,37,1,1,1,410,1500
guara,30,,1,,600,1600
guara,72,3,2,1,277,1300
guara,240,2,2,1,,1600
guara,64,2,1,,80,900
guara,1,3,1,1,,2000
guara,45,1,1,,,700
guara,73,2,,,,4000
guara,29,,,,,1912
guara,60,2,1,1,300,1200
guara,67,2,2,1,610,2700
guara,46,2,1,,150,900
guara,78,,1,,306,1625
guara,54,1,1,,380,1460
guara,68,2,1,1,535,1550
guara,70,2,1,,60,1000
guara,41,1,1,,185,1000
guara,200,2,2,1,,1500
guara,68,,1,,306,1500
guara,65,2,1,,,700
guara,60,2,1,1,,1500
guara,200,3,2,3,,3400
guara,69,3,1,,,1700
guara,80,,2,3,1095,3500
guara,25,1,1,,,680
guara,58,2,2,2,442,2500
guara,1333,,,,,45819
guara,30,,,,,1956
guara,100,,8,6,,38000
guara,32,,,,199,2000
guara,78,,,,,6822
guara,35,1,1,1,414,1600
guara,56,1,1,,278,800
guara,28,,,,,1848
guara,1,3,1,1,,2000
guara,36,1,1,,,630
guara,67,2,2,1,610,2700
guara,29,1,1,1,160,870
guara,68,,1,,306,1500
guara,28,1,1,,259,1100
guara,65,2,1,,,700
guara,160,2,1,2,,1600
guara,4732,,,56,,170000
guara,33,,,,,2169
guara,78,,1,,306,1625
guara,25,,1,,,600
guara,28,,,,,1848
guara,78,3,2,,400,1500
guara,30,,1,,600,1600
guara,35,1,1,1,526,1800
guara,29,,,,,1912
guara,54,2,1,,466,1600
guara,84,2,3,2,851,3800
guara,28,,,,,1848
guara,68,2,1,1,535,1550
guara,62,2,2,1,378,2450
guara,68,2,2,2,462,2500
guara,69,3,1,,,1700
guara,25,1,1,,,600
guara,60,2,1,1,,1500
guara,101,2,2,2,,2200
guara,35,,1,1,345,1000
guara,95,2,1,1,,1300
guara,1200,,5,102,,338000
guara,61,3,1,1,420,1500
guara,1050,,,,,14000
noroeste,35,1,1,1,430,2600
noroeste,78,2,2,2,1007,4300
noroeste,38,1,1,1,585,2990
noroeste,138,3,5,2,1530,7500
noroeste,35,,1,1,289,1857
noroeste,32,1,1,2,495,1500
noroeste,37,1,1,1,450,1700
noroeste,110,3,3,2,923,5600
noroeste,298,4,6,4,2366,12000
noroeste,34,1,1,1,448,2000
noroeste,120,3,4,4,1062,6500
noroeste,28,1,1,1,362,1445
noroeste,36,1,1,,397,1523
noroeste,42,2,1,2,549,3100
noroeste,140,2,2,2,790,4500
noroeste,40,1,1,1,560,2650
noroeste,74,2,2,1,700,4900
noroeste,260,4,5,4,2100,12000
noroeste,76,2,3,2,808,4500
noroeste,120,,5,3,950,6900
noroeste,142,3,4,3,,6800
noroeste,32,1,1,2,495,1500
noroeste,35,1,1,1,487,1800
noroeste,36,1,1,1,450,2400
noroeste,76,2,2,1,916,4800
noroeste,223,3,,2,,11200
noroeste,40,1,1,1,393,1439
noroeste,185,3,,3,2078,16000
noroeste,107,3,3,2,752,5300
noroeste,43,1,1,1,420,1587
noroeste,74,2,3,2,780,4700
noroeste,122,3,4,3,982,6300
noroeste,55,2,1,1,550,2000
noroeste,230,3,1,2,1962,9000
noroeste,86,2,3,2,750,4600
noroeste,33,1,1,1,466,1700
noroeste,120,3,4,3,966,6500
noroeste,127,3,4,2,1438,5300
noroeste,32,1,1,2,495,1500
noroeste,35,1,1,1,437,2250
noroeste,33,1,1,1,352,1463
noroeste,84,2,3,2,750,4800
noroeste,180,4,5,3,1200,9500
noroeste,84,2,3,2,750,4800
noroeste,37,1,1,1,509,1900
noroeste,38,1,1,1,516,2000
noroeste,41,1,1,1,533,2100
noroeste,155,3,6,2,1100,7900
noroeste,92,3,,2,680,5950
noroeste,30,1,1,,433,1300
noroeste,40,1,1,1,427,2000
noroeste,35,1,1,,476,2100
noroeste,34,1,2,1,408,2400
noroeste,29,1,,1,361,2200
noroeste,76,2,3,2,827,4300
noroeste,74,1,1,1,355,1500
noroeste,87,2,2,2,690,4720
noroeste,86,2,3,2,765,4500
noroeste,203,4,6,4,1291,14500
noroeste,34,,1,1,,2500
noroeste,31,1,1,1,344,1400
noroeste,34,1,1,1,438,2000
noroeste,36,1,1,1,492,1900
noroeste,41,1,1,1,533,2100
noroeste,34,,1,1,,2500
noroeste,155,3,6,2,1100,7900
noroeste,92,3,,2,680,5950
noroeste,30,1,1,,433,1300
noroeste,29,1,,1,361,2200
noroeste,32,1,1,2,450,1500
noroeste,40,1,1,1,427,2000
noroeste,37,1,1,1,509,1900
noroeste,34,1,2,1,408,2400
noroeste,35,1,1,,476,2100
noroeste,74,2,2,2,680,4300
noroeste,34,1,1,1,430,2450
noroeste,88,2,2,2,2350,4900
noroeste,47,2,1,,525,2850
noroeste,78,2,3,2,819,4000
noroeste,77,2,2,2,,4000
noroeste,28,1,1,1,362,1445
noroeste,127,3,2,1,1220,7500
noroeste,40,1,1,1,392,2650
noroeste,36,1,1,1,375,2700
noroeste,36,1,1,1,375,2700
noroeste,88,2,2,2,2350,4900
noroeste,78,2,3,2,1006,4300
noroeste,47,2,1,,525,2850
noroeste,74,2,2,2,680,4300
noroeste,39,1,1,1,479,1600
noroeste,34,1,1,1,430,2450
noroeste,34,1,1,1,370,1830
noroeste,34,1,1,1,428,2100
noroeste,35,,1,1,393,1857
noroeste,33,1,1,1,,2300
noroeste,77,1,1,1,444,2700
noroeste,74,1,1,1,345,2900
noroeste,32,1,1,1,,3600
noroeste,34,1,1,1,461,1900
noroeste,123,3,3,2,1254,6500
noroeste,77,2,3,1,650,4000
noroeste,45,,1,1,502,2037
noroeste,78,1,1,1,,3000
noroeste,34,1,1,1,472,2200
noroeste,40,2,1,1,561,1800
noroeste,36,1,1,1,428,1900
noroeste,88,2,1,2,1153,4300
noroeste,74,1,1,1,380,2900
noroeste,110,3,4,4,950,7200
noroeste,84,1,,,823,4950
noroeste,180,4,6,3,,9500
noroeste,35,1,1,1,285,2400
noroeste,78,1,1,1,,3100
noroeste,88,2,3,2,,4800
noroeste,43,1,1,1,350,2350
noroeste,45,1,1,1,433,1898
noroeste,127,2,1,1,810,3800
noroeste,39,1,1,1,511,2000
noroeste,34,1,1,1,300,2180
noroeste,127,3,3,2,1176,5500
noroeste,27,1,1,1,400,1700
noroeste,45,1,1,,301,1898
noroeste,240,3,3,2,1149,6600
noroeste,75,2,3,2,572,4500
noroeste,110,3,3,1,1089,5799
noroeste,31,1,1,1,,2000
nucleo-bandeirante,60,2,2,,80,1000
nucleo-bandeirante,80,2,2,,190,1100
nucleo-bandeirante,45,2,1,,,700
nucleo-bandeirante,55,2,1,,,650
nucleo-bandeirante,60,2,1,,,880
nucleo-bandeirante,25,,1,,,400
nucleo-bandeirante,33,1,1,,60,500
nucleo-bandeirante,43,1,1,,160,600
nucleo-bandeirante,40,2,1,,,650
nucleo-bandeirante,59,2,1,,,780
nucleo-bandeirante,50,1,1,,120,650
nucleo-bandeirante,35,1,1,,120,650
nucleo-bandeirante,40,1,,,164,750
nucleo-bandeirante,30,1,1,,125,700
nucleo-bandeirante,70,2,1,2,348,1200
nucleo-bandeirante,75,2,2,,140,900
nucleo-bandeirante,55,2,1,,120,850
nucleo-bandeirante,55,2,1,,,1350
nucleo-bandeirante,60,2,1,,,780
nucleo-bandeirante,55,2,1,,135,1200
nucleo-bandeirante,40,1,1,,60,750
nucleo-bandeirante,72,2,1,,135,700
nucleo-bandeirante,25,,1,,,400
nucleo-bandeirante,35,1,1,,,550
nucleo-bandeirante,40,1,1,,60,500
nucleo-bandeirante,45,1,1,,90,950
nucleo-bandeirante,35,1,1,,160,800
nucleo-bandeirante,70,2,1,,,1200
nucleo-bandeirante,89,2,1,1,310,1300
nucleo-bandeirante,25,,1,,,400
nucleo-bandeirante,40,1,1,,30,650
nucleo-bandeirante,65,2,2,,50,1200
nucleo-bandeirante,40,1,1,,,750
nucleo-bandeirante,55,2,1,,,700
octogonal,160,4,4,1,1200,6000
octogonal,36,1,1,,195,1200
octogonal,66,2,2,1,830,2450
octogonal,75,2,2,1,683,2300
octogonal,118,2,1,1,1232,2500
octogonal,87,3,3,1,913,3600
octogonal,70,2,2,1,610,2600
octogonal,31,1,1,1,762,1800
octogonal,65,2,2,1,656,2500
octogonal,68,2,2,,,2500
octogonal,38,1,1,,278,1300
octogonal,65,3,2,1,701,2750
octogonal,70,2,2,1,668,2700
octogonal,117,2,2,1,702,2100
octogonal,105,3,3,1,903,3500
octogonal,40,1,,,,1300
octogonal,118,2,1,1,1232,2500
octogonal,67,2,2,1,701,2090
octogonal,115,3,2,1,850,3800
octogonal,67,2,2,1,667,2700
octogonal,106,3,3,1,1338,7600
park-sul,75,2,2,2,,4000
park-sul,30,1,1,1,500,2600
park-sul,27,1,1,1,328,950
park-sul,70,2,3,1,980,4000
park-sul,211,4,5,4,1930,15000
park-sul,41,1,1,1,380,2000
park-sul,75,2,2,2,762,5200
park-sul,100,3,3,2,860,4900
park-sul,34,1,1,1,,1390
park-sul,30,1,1,1,,1600
park-sul,211,3,6,4,2000,15000
park-sul,26,1,1,1,,2500
park-sul,119,3,5,2,1680,6400
park-sul,211,4,5,4,1953,15000
park-sul,145,4,4,3,1345,6900
park-sul,122,2,3,1,967,5600
park-sul,29,1,1,,554,1600
park-sul,15000,1,1,1,324,1300
park-sul,27,1,1,1,329,1100
park-sul,25,1,1,1,515,1400
park-sul,36,2,1,1,370,1500
park-sul,27,1,1,1,329,1300
park-sul,73,2,3,1,1130,4300
park-sul,36,2,1,1,370,1500
park-sul,27,1,1,1,294,1400
park-sul,36,2,1,1,410,1500
park-sul,26,1,1,1,294,1150
park-sul,36,2,1,1,429,1600
park-sul,15000,1,1,1,324,1300
park-sul,27,1,1,1,329,1000
park-sul,26,1,1,1,288,900
park-sul,122,4,5,2,,6800
park-sul,27,1,1,1,,1950
park-sul,42,,1,1,480,2400
park-sul,107,3,3,,,5000
park-sul,33,1,1,1,390,1800
park-sul,63,1,1,1,337,1790
park-sul,62,1,1,1,288,900
park-sul,157,4,6,2,1900,8990
park-sul,127,1,2,1,958,2600
park-sul,27,1,1,1,490,1400
park-sul,27,1,1,1,294,1200
park-sul,33,1,1,1,390,1800
park-sul,27,1,1,1,336,1100
park-sul,80,1,1,1,580,3200
park-sul,31,1,1,1,,1800
park-sul,62,1,1,1,288,900
park-sul,28,1,1,1,341,1250
park-sul,63,1,1,1,337,1790
park-sul,127,1,2,1,958,2600
park-sul,85,2,2,2,,4700
park-sul,164,4,4,4,2200,10500
park-sul,73,2,3,2,912,3650
park-sul,42,,1,1,480,2400
park-sul,122,4,5,2,,7500
park-sul,172,3,,3,1553,10500
park-sul,104,3,2,2,,5000
park-sul,27,1,1,1,,1700
park-sul,27,1,1,1,490,1400
park-sul,32,1,1,1,300,1050
park-sul,79,2,3,1,1280,4700
park-sul,100,3,,2,,4200
park-sul,63,1,1,1,337,1790
park-sul,122,4,5,2,,6800
park-sul,157,4,6,2,1900,8990
park-sul,31,1,2,1,780,2200
park-sul,70,2,3,1,990,4700
park-sul,60,1,1,1,296,1100
park-sul,63,1,1,1,337,1790
park-sul,27,1,1,1,336,1100
park-sul,33,1,1,1,390,1800
park-sul,80,1,1,1,580,3200
park-sul,167,4,4,3,,8500
park-sul,100,2,3,2,,5800
park-sul,26,1,,1,365,1600
planaltina,57,2,1,1,,1000
planaltina,100,,,,,1400
planaltina,100,2,1,,,750
planaltina,100,2,1,1,,1200
planaltina,70,2,1,,,850
planaltina,85,2,1,1,,900
planaltina,30,1,1,,,680
planaltina,100,2,1,,,750
planaltina,100,2,1,1,,650
planaltina,90,1,1,1,,500
recantodasemas,347,,4,,,12000
recantodasemas,82,,1,,,1900
recantodasemas,2700,,,,,200000
recantodasemas,2700,,,,,200000
recantodasemas,6200,,,,,200000
recantodasemas,50,2,1,,,550
recantodasemas,195,,1,,,900
recantodasemas,40,1,1,,,400
recantodasemas,488,,,,,9000
recantodasemas,70,2,1,,,700
recantodasemas,40,2,1,,110,600
recantodasemas,45,1,,,,550
recantodasemas,35,1,1,,110,550
recantodasemas,1000,,,,,20000
recantodasemas,609,,,,,26000
recantodasemas,970,,,,,11000
recantodasemas,55,,1,,,950
recantodasemas,150,,6,,,15000
recantodasemas,150,2,1,3,,1300
recantodasemas,40,1,1,,,690
recantodasemas,195,,,,,900
recantodasemas,66,,,,,1360
riacho-fundo,41,1,1,,125,700
riacho-fundo,35,1,1,,150,1200
riacho-fundo,40,,1,,168,550
riacho-fundo,30,1,1,,,1020
riacho-fundo,50,2,1,,150,1700
riacho-fundo,50,2,1,,50,650
riacho-fundo,50,2,1,,,950
riacho-fundo,60,2,2,,50,850
riacho-fundo,55,2,1,,,935
riacho-fundo,30,1,1,,215,600
riacho-fundo,30,1,1,,70,600
riacho-fundo,50,2,1,,150,1700
riacho-fundo,40,1,1,,,700
riacho-fundo,60,2,1,,50,700
riacho-fundo,60,2,1,,,800
riacho-fundo,37,1,1,,,700
riacho-fundo,35,,1,,70,500
riacho-fundo,40,1,1,,,600
riacho-fundo,60,2,1,1,,1300
riacho-fundo,29,1,1,,,700
riacho-fundo,28,1,1,,130,450
riacho-fundo,55,2,1,,,935
riacho-fundo,32,1,,,150,550
riacho-fundo,55,2,1,,,900
riacho-fundo,35,1,1,,155,650
riacho-fundo,35,1,1,,200,550
riacho-fundo,30,1,1,,,1020
riacho-fundo,,1,1,,,700
riacho-fundo,33,1,,,,700
riacho-fundo,55,2,1,,180,1400
riacho-fundo,45,1,1,,60,850
riacho-fundo,32,1,1,,200,750
riacho-fundo,55,2,1,1,,800
riacho-fundo,,1,1,,,650
riacho-fundo,52,2,1,,200,800
riacho-fundo,40,1,2,,,800
riacho-fundo,48,2,1,,,900
riacho-fundo,50,2,2,,50,850
riacho-fundo,65,2,1,,100,1200
riacho-fundo,45,2,,,40,900
riacho-fundo,25,1,1,,40,600
riacho-fundo,52,2,1,,,800
riacho-fundo,55,2,1,,,935
riacho-fundo,26,,1,,,350
riacho-fundo,65,2,1,,100,1200
riacho-fundo,37,1,1,,,750
riacho-fundo,40,1,1,,,700
riacho-fundo,40,2,1,,160,950
riacho-fundo,,1,1,,,600
riacho-fundo,35,,1,,70,500
riacho-fundo,55,2,1,,,800
riacho-fundo,55,2,1,1,,800
riacho-fundo,32,1,1,,200,750
riacho-fundo,55,2,1,,,800
riacho-fundo,63,2,,2,,1000
riacho-fundo,30,1,1,,100,550
riacho-fundo,24,1,,,144,800
riacho-fundo,30,1,1,,150,600
samambaia,50,2,2,1,619,1100
samambaia,85,2,1,,50,750
samambaia,53,2,2,1,116,1150
samambaia,40,1,1,,40,360
samambaia,65,3,2,1,300,1450
samambaia,32,,1,,,550
samambaia,48,2,2,,485,1200
samambaia,60,2,1,1,,750
samambaia,65,3,2,1,300,1400
samambaia,40,1,1,,,360
samambaia,47,2,1,1,296,1150
samambaia,46,2,1,,,1100
samambaia,30,1,1,,,590
samambaia,57,2,1,1,461,1200
samambaia,39,1,1,1,370,1100
samambaia,55,2,1,1,,800
samambaia,56,2,1,1,,1000
samambaia,80,2,2,1,300,1150
samambaia,56,2,2,1,528,1500
samambaia,40,1,1,,,360
samambaia,62,2,1,1,330,1500
samambaia,56,2,2,1,528,1500
samambaia,58,2,2,1,400,1150
samambaia,60,2,1,1,290,850
samambaia,51,2,1,1,340,800
samambaia,80,2,2,1,300,1150
samambaia,30,1,1,,,590
samambaia,33,1,1,,264,600
samambaia,30,1,1,1,,500
samambaia,49,2,1,,200,600
samambaia,50,1,1,,80,600
samambaia,50,2,1,,80,800
samambaia,36,1,1,,,500
samambaia,59,2,1,1,415,1000
samambaia,55,2,2,1,389,1250
samambaia,56,2,1,1,371,1100
samambaia,37,1,,,,650
samambaia,89,2,1,1,303,1000
samambaia,,2,,,,800
samambaia,41,1,1,,380,750
samambaia,47,2,2,1,400,1100
samambaia,60,2,2,1,264,1000
samambaia,38,1,1,,248,700
samambaia,30,1,1,,50,500
samambaia,62,2,1,1,190,1300
samambaia,60,3,1,1,469,1300
samambaia,78,1,1,1,300,1490
samambaia,57,2,1,1,345,795
samambaia,55,2,1,1,366,1100
samambaia,31,1,1,1,364,1190
samambaia,50,1,1,,40,360
samambaia,50,1,1,,40,360
samambaia,45,1,1,1,320,1000
samambaia,57,2,1,1,345,800
samambaia,50,1,1,,,1000
samambaia,46,1,1,,70,450
samambaia,37,1,,,,650
samambaia,50,2,1,,,650
samambaia,50,1,1,,,410
samambaia,43,2,1,,301,680
samambaia,37,1,,,,650
samambaia,50,1,1,,,410
samambaia,56,2,2,1,340,1100
samambaia,55,2,2,1,389,1250
samambaia,57,2,1,1,345,795
samambaia,55,2,2,1,350,1350
samambaia,33,1,,,190,600
samambaia,57,2,1,1,345,800
samambaia,55,2,1,,272,950
samambaia,45,2,1,,,700
samambaia,60,2,2,1,264,1000
samambaia,60,3,1,1,469,1300
samambaia,45,2,2,1,,1550
samambaia,50,1,1,,,1000
samambaia,57,2,1,1,305,1500
samambaia,45,2,1,,50,550
samambaia,47,2,,1,337,750
samambaia,47,2,2,1,400,1100
samambaia,60,2,1,1,,1100
samambaia,45,1,1,1,320,1000
samambaia,52,1,1,,,700
samambaia,37,1,,,,650
samambaia,35,1,1,,,410
samambaia,46,1,1,,70,450
samambaia,,1,,,,1100
samambaia,44,2,1,1,200,800
samambaia,35,1,1,,,410
samambaia,45,2,1,,,700
samambaia,45,2,1,1,360,650
samambaia,50,2,,1,290,1150
samambaia,62,2,1,1,392,1200
samambaia,50,1,1,,,410
samambaia,49,2,,,404,1100
samambaia,50,2,1,,,650
samambaia,65,2,1,1,370,1200
samambaia,50,1,1,,40,360
samambaia,31,1,1,1,364,1190
samambaia,50,1,1,,,410
samambaia,30,1,1,,280,650
samambaia,29,1,1,1,357,700
samambaia,36,1,1,,,500
samambaia,39,,1,,270,1200
samambaia,497,,13,,3510,15100
samambaia,39,,1,,270,1000
samambaia,39,,1,,270,1200
samambaia,33,,1,,270,1200
samambaia,39,,1,,270,1200
samambaia,39,,1,,270,1000
samambaia,39,,1,,270,1200
samambaia,39,,1,,270,1200
samambaia,39,,1,,270,1200
samambaia,39,,1,,270,1000
samambaia,39,,1,,270,1200
samambaia,39,,1,,270,1000
samambaia,39,,1,,270,1200
samambaia,39,,1,,270,1200
samambaia,39,,1,,270,1000
samambaia,39,,1,,270,1000
samambaia,12,,1,,,500
samambaia,39,,1,,270,1000
samambaia,39,,1,,270,1000
samambaia,39,,1,,270,1200
samambaia,39,,1,,270,1000
samambaia,39,,1,,270,1200
samambaia,68,,,,270,2300
samambaia,39,,1,,270,1000
samambaia,45,,,,,1000
samambaia,45,2,2,1,,1550
samambaia,50,1,1,,,410
samambaia,50,,1,,,800
samambaia,50,1,1,1,487,700
samambaia,45,2,1,,50,550
samambaia,1800,,,,,6000
samambaia,115,2,1,2,,1300
samambaia,50,1,1,,,1000
samambaia,1951,,,,,5500
samambaia,300,,4,,,2500
samambaia,60,2,2,1,264,1000
samambaia,55,2,,1,465,900
samambaia,55,2,1,1,366,1100
samambaia,900,,5,,,13000
samambaia,62,2,1,1,392,1200
santamaria,60,1,1,,,510
santamaria,35,1,1,,,580
santamaria,52,2,1,1,,1000
santamaria,45,2,1,1,,750
santamaria,38,1,1,,150,550
santamaria,43,2,,,270,450
santamaria,38,1,1,1,150,600
santamaria,35,1,,,,580
santamaria,60,2,,,,1100
santamaria,42,2,1,1,286,850
santamaria,48,2,2,1,150,800
santamaria,25,1,1,,,420
santamaria,48,2,1,1,,1100
sao-sebastiao,60,2,1,,,800
sao-sebastiao,200,1,1,,,700
sao-sebastiao,50,2,1,1,256,1390
sao-sebastiao,200,2,1,,,1100
sao-sebastiao,200,2,1,,,1100
sao-sebastiao,50,2,1,1,,1750
sao-sebastiao,50,2,,1,400,1500
sao-sebastiao,60,2,1,,,800
sao-sebastiao,70,2,1,,,700
sao-sebastiao,50,2,1,1,,1500
sao-sebastiao,50,2,1,1,,1600
sao-sebastiao,50,2,1,1,,1700
sao-sebastiao,50,2,1,1,,1850
sao-sebastiao,50,2,1,1,249,1590
sao-sebastiao,50,2,1,1,324,1650
sao-sebastiao,46,2,,1,231,1500
sao-sebastiao,50,1,1,,,750
sao-sebastiao,70,2,1,,,1000
sao-sebastiao,48,2,1,1,275,1600
sobradinho,39,1,1,,,1100
sobradinho,35,1,1,,230,1100
sobradinho,60,2,1,,50,900
sobradinho,50,2,1,,,500
sobradinho,58,2,1,,320,1000
sobradinho,54,2,1,,,1200
sobradinho,60,3,2,1,300,1800
sobradinho,35,1,1,,100,900
sobradinho,50,2,1,,250,1200
sobradinho,40,2,1,,90,1200
sobradinho,65,3,1,,100,1100
sobradinho,55,2,2,,,900
sobradinho,96,2,1,1,500,2300
sobradinho,114,3,2,,,1300
sobradinho,65,2,1,,,1200
sobradinho,30,1,1,,50,750
sobradinho,65,2,,,100,1100
sobradinho,69,2,1,1,370,1100
sobradinho,54,2,1,,285,1500
sobradinho,30,1,1,,170,950
sobradinho,32,1,1,,180,700
sobradinho,60,2,1,,98,1100
sobradinho,69,2,1,1,370,1100
sobradinho,50,1,1,,,1100
sobradinho,45,2,1,,,800
sobradinho,35,1,1,,250,950
sobradinho,60,2,1,,175,1360
sobradinho,70,2,1,,120,900
sobradinho,75,2,,1,345,1500
sobradinho,50,1,1,1,,1100
sobradinho,82,3,2,1,464,1500
sobradinho,30,1,1,,30,600
sobradinho,62,2,1,,120,1100
sobradinho,45,1,1,,,1300
sobradinho,62,2,1,,300,1200
sobradinho,35,1,1,,150,550
sobradinho,65,2,1,,,1200
sobradinho,30,1,1,,170,950
sobradinho,50,2,1,1,80,850
sobradinho,72,2,1,,,1600
sobradinho,60,2,,,96,1000
sobradinho,30,1,1,,50,700
sobradinho,30,1,1,,50,750
sobradinho,60,2,1,1,180,1250
sobradinho,60,2,1,1,315,1100
sobradinho,96,2,1,1,500,2300
sobradinho,45,1,1,1,150,730
sobradinho,30,1,1,,165,650
sobradinho,69,2,1,1,240,1250
sobradinho,82,2,2,1,,1500
sobradinho,50,2,1,,170,1200
sobradinho,117,3,2,,,1600
sobradinho,54,2,1,,285,1500
sobradinho,80,3,2,1,690,2800
sobradinho,40,1,1,,,750
sobradinho,55,2,1,1,300,1300
sobradinho,65,3,1,,100,1100
sobradinho,88,2,1,1,250,1250
sobradinho,38,1,1,,190,790
sobradinho,40,1,1,,,750
sobradinho,87,2,2,1,,1500
sobradinho,,2,1,,,700
sobradinho,27,1,1,,230,600
sobradinho,60,2,,1,100,650
sobradinho,,2,1,,,700
sobradinho,60,3,2,,,950
sobradinho,,2,1,1,270,1200
sobradinho,45,1,1,1,150,730
sobradinho,44,1,1,,150,780
sobradinho,70,2,1,1,,1800
sobradinho,60,1,,,150,850
sobradinho,50,1,1,,,1100
sobradinho,60,2,1,,200,1200
sobradinho,40,1,1,,,750
sobradinho,65,2,1,,100,1000
sobradinho,27,1,1,,230,600
sobradinho,100,2,1,,,1800
sobradinho,68,2,1,,,1200
sobradinho,87,2,2,1,,1500
sobradinho,55,2,1,1,300,1300
sobradinho,60,2,,,96,1000
sobradinho,50,2,1,1,100,650
sobradinho,30,1,1,,30,600
sobradinho,35,1,1,,250,950
sobradinho,52,2,1,,250,1150
sobradinho,30,1,1,,165,650
sobradinho,48,2,2,,,750
sobradinho,80,2,2,,340,1100
sobradinho,50,2,1,1,80,850
sobradinho,40,1,1,,,850
sudoeste,24,1,1,1,372,1250
sudoeste,260,4,5,3,3600,15000
sudoeste,30,1,1,1,546,1390
sudoeste,215,4,5,2,,8700
sudoeste,266,4,6,4,2560,16000
sudoeste,28,1,1,,364,1200
sudoeste,75,1,2,1,821,3300
sudoeste,37,1,1,2,542,900
sudoeste,143,4,3,2,1230,7500
sudoeste,133,2,2,1,753,2900
sudoeste,92,3,3,1,,3750
sudoeste,39,,1,,309,1250
sudoeste,90,3,3,1,1312,3500
sudoeste,27,1,1,1,450,1300
sudoeste,100,3,2,1,605,5200
sudoeste,180,4,4,3,1490,8900
sudoeste,75,2,1,,650,2800
sudoeste,270,4,6,3,2900,16500
sudoeste,36,1,1,1,451,1000
sudoeste,45,1,1,,274,2100
sudoeste,85,2,2,2,655,4500
sudoeste,39,1,1,1,329,1200
sudoeste,270,4,5,3,3500,15000
sudoeste,35,1,1,1,284,1400
sudoeste,50,1,1,,318,1300
sudoeste,66,2,1,1,532,3500
sudoeste,25,1,1,1,425,1212
sudoeste,30,1,1,1,228,1200
sudoeste,24,1,1,1,280,1317
sudoeste,133,2,2,1,753,2900
sudoeste,25,1,1,1,245,1400
sudoeste,27,1,1,1,216,1460
sudoeste,192,4,5,2,1800,7300
sudoeste,216,3,4,2,1998,10990
sudoeste,36,1,1,1,451,1000
sudoeste,123,3,3,2,1100,4700
sudoeste,77,1,,1,572,3000
sudoeste,30,1,1,1,341,1200
sudoeste,133,2,2,1,753,2900
sudoeste,85,2,2,2,655,4500
sudoeste,27,1,1,1,315,1600
sudoeste,60,2,1,,400,1977
sudoeste,90,3,3,1,1312,3500
sudoeste,94,3,2,1,752,3800
sudoeste,70,2,2,1,675,2950
sudoeste,200,4,3,2,1827,7300
sudoeste,90,2,2,1,751,3300
sudoeste,85,2,2,,955,3200
sudoeste,60,1,1,1,582,1200
sudoeste,23,1,1,1,388,1000
sudoeste,270,4,6,3,2900,16500
sudoeste,150,3,1,1,598,3800
sudoeste,88,3,3,1,764,4200
sudoeste,39,1,1,,317,1850
sudoeste,37,1,1,2,542,900
sudoeste,84,3,1,1,679,3400
sudoeste,60,1,1,1,582,1200
sudoeste,30,1,,1,210,1100
sudoeste,30,1,1,1,297,1400
sudoeste,30,1,1,,270,950
sudoeste,50,1,1,,410,1000
sudoeste,39,,1,,309,1250
sudoeste,92,3,3,1,,3750
sudoeste,39,1,1,1,329,1200
sudoeste,257,5,4,2,2500,9500
sudoeste,50,1,1,,318,1300
sudoeste,65,2,1,,505,2050
sudoeste,39,1,1,,317,1850
sudoeste,41,1,1,,287,1300
sudoeste,60,1,1,1,582,1200
sudoeste,25,1,1,1,245,1400
sudoeste,133,2,2,1,753,2900
sudoeste,143,4,3,2,1230,7500
sudoeste,36,1,1,1,451,1000
sudoeste,210,3,4,3,,8500
sudoeste,50,2,1,1,615,2600
sudoeste,27,1,1,1,,900
sudoeste,216,3,4,2,1998,10990
sudoeste,26,1,1,1,342,1400
sudoeste,30,1,1,,300,1000
sudoeste,182,3,3,2,2000,6000
sudoeste,24,1,1,1,428,1250
sudoeste,84,2,2,1,850,4500
sudoeste,30,1,1,1,265,1100
sudoeste,,3,,2,1560,8000
sudoeste,45,1,1,,265,1000
sudoeste,30,1,1,1,385,750
sudoeste,23,1,1,1,266,1300
sudoeste,98,3,1,1,1080,4200
sudoeste,90,,3,1,1200,3500
sudoeste,26,1,1,1,325,1080
sudoeste,31,1,1,1,300,2300
sudoeste,66,1,1,1,609,1500
sudoeste,205,4,3,2,1200,8500
sudoeste,198,3,2,2,,6000
sudoeste,378,4,6,4,,15000
sudoeste,40,1,1,1,344,1400
sudoeste,60,1,1,1,,1350
sudoeste,33,1,1,,250,980
sudoeste,33,1,1,1,375,1300
sudoeste,32,1,1,,363,1100
sudoeste,40,1,1,1,300,1600
sudoeste,90,3,3,1,745,3400
sudoeste,54,2,2,,,2100
sudoeste,30,1,1,1,416,1300
sudoeste,150,3,1,1,598,3800
sudoeste,136,3,2,1,1100,6400
sudoeste,320,4,6,4,,16000
sudoeste,27,1,1,1,405,1000
sudoeste,56,1,1,1,,1800
sudoeste,25,1,1,1,265,1080
sudoeste,41,1,1,1,700,3500
sudoeste,30,1,1,1,315,1500
sudoeste,30,1,1,1,418,1800
sudoeste,25,1,1,1,304,1500
sudoeste,25,1,1,1,316,1200
sudoeste,370,4,5,4,,11500
sudoeste,34,1,1,,319,1100
sudoeste,98,3,3,1,752,3600
sudoeste,97,3,3,2,880,4100
sudoeste,88,2,1,,599,1750
sudoeste,30,1,1,1,518,1500
sudoeste,99,3,3,2,1016,6200
sudoeste,29,1,1,,329,1200
sudoeste,125,3,2,1,840,3900
sudoeste,68,2,1,1,839,2800
sudoeste,30,1,1,1,385,750
sudoeste,33,1,1,1,353,900
sudoeste,27,1,1,2,341,1100
sudoeste,36,1,1,1,452,1280
sudoeste,90,3,2,1,764,3800
sudoeste,34,1,1,,319,1100
sudoeste,98,3,3,1,752,3600
sudoeste,40,1,1,1,300,1600
sudoeste,90,,3,1,1200,3500
sudoeste,62,2,1,,475,2100
sudoeste,90,3,3,1,600,3900
sudoeste,44,1,1,,325,1130
sudoeste,38,,,1,276,1300
sudoeste,30,1,1,1,518,1500
sudoeste,150,3,1,1,598,3800
sudoeste,30,1,,1,405,1100
sudoeste,30,1,1,1,428,1350
sudoeste,125,3,2,1,840,3900
sudoeste,260,4,,3,3500,15000
sudoeste,60,2,1,,525,2150
sudoeste,378,4,6,4,,15000
sudoeste,99,3,3,2,1016,6200
sudoeste,,3,,2,1560,8000
sudoeste,40,1,1,1,376,1400
sudoeste,56,1,1,1,,1800
sudoeste,198,3,2,2,,6000
sudoeste,40,1,1,1,300,1600
sudoeste,90,3,2,1,764,3800
sudoeste,30,1,1,1,361,1700
sudoeste,30,1,1,1,390,1300
sudoeste,150,2,3,,1847,4500
sudoeste,30,1,,,318,1200
sudoeste,38,1,1,,280,1000
sudoeste,36,1,1,1,452,1280
sudoeste,61,1,1,1,294,900
sudoeste,33,1,1,1,375,1300
sudoeste,205,4,3,2,1200,8500
sudoeste,150,3,1,1,598,3800
sudoeste,45,1,1,,265,1000
sudoeste,30,1,1,1,518,1500
sudoeste,25,1,1,1,304,1500
sudoeste,40,1,1,1,344,1400
taguatinga,68,2,2,,460,1000
taguatinga,30,1,1,1,215,950
taguatinga,80,2,1,1,534,1100
taguatinga,30,1,1,,,369
taguatinga,60,2,1,,350,2000
taguatinga,65,2,1,,,1000
taguatinga,35,1,1,,30,600
taguatinga,1000000,1,1,1,160,1500
taguatinga,50,2,2,1,,1500
taguatinga,122,3,2,,245,2250
taguatinga,55,2,2,,400,900
taguatinga,50,2,1,1,359,1300
taguatinga,46,1,1,1,380,2450
taguatinga,60,2,1,,358,1100
taguatinga,8199,1,1,1,190,1500
taguatinga,40,1,1,,119,650
taguatinga,60,2,2,1,503,1300
taguatinga,36,1,1,1,299,1350
taguatinga,30,1,1,,,369
taguatinga,85,2,,,476,1400
taguatinga,79,3,2,1,430,1700
taguatinga,132,,1,,,4500
taguatinga,360,,4,,,10000
taguatinga,80,3,1,1,,1120
taguatinga,60,2,1,,350,2000
taguatinga,560,,10,,,11000
taguatinga,50,2,1,1,359,1300
taguatinga,35,1,1,,30,600
taguatinga,65,2,1,,,1000
taguatinga,250,,2,,,7500
taguatinga,80,2,1,1,534,1100
taguatinga,120,4,3,2,,2700
taguatinga,37,,1,1,259,1480
taguatinga,60,2,1,,358,1100
taguatinga,135,3,2,1,,2400
taguatinga,30,1,1,,,369
taguatinga,35,,1,,353,1500
taguatinga,340,3,3,1,,17000
taguatinga,75,,1,,200,3500
taguatinga,340,,,,,50000
taguatinga,40,1,1,,119,650
taguatinga,36,,1,,399,650
taguatinga,36,,1,,399,650
taguatinga,36,1,1,1,299,1350
taguatinga,200,,,,,4000
taguatinga,340,,,,,50000
taguatinga,450,,6,,2000,10000
taguatinga,200,,2,,,9000
taguatinga,50,,1,,,2400
taguatinga,340,3,3,1,,17000
taguatinga,1060,,,,,1100
taguatinga,200,,2,,,12000
taguatinga,921,,5,10,,15000
taguatinga,60,2,1,,,590
taguatinga,53,2,2,,,1100
taguatinga,25,,1,,115,590
taguatinga,70,,1,,,1100
taguatinga,30,1,1,1,,600
taguatinga,45,,,,,500
taguatinga,3311,,,38,,150000
taguatinga,90,3,,1,787,2300
taguatinga,290,,3,,,16000
taguatinga,29,,1,,398,1200
taguatinga,1250,6,7,20,,7200
taguatinga,40,1,1,,80,600
taguatinga,1200,,3,,,42000
taguatinga,58,2,,1,349,1650
taguatinga,450,3,3,4,,3550
taguatinga,230,,2,,,5000
taguatinga,42,,1,,520,550
taguatinga,99,,3,,1200,4500
taguatinga,30,1,1,,115,740
taguatinga,55,,1,,781,4000
taguatinga,29,,1,1,200,700
taguatinga,1260,,6,,,130000
taguatinga,160,,2,,,9500
taguatinga,530,,1,,4900,14900
taguatinga,22,,,1,,1000
taguatinga,70,2,1,,,1400
taguatinga,,,,,,900
taguatinga,50,2,,1,404,1400
taguatinga,60,2,1,1,571,1000
taguatinga,1500,,,,,80000
taguatinga,36,1,1,1,,2300
taguatinga,120,3,1,3,,1500
taguatinga,27,,1,,308,2000
taguatinga,36,1,1,,300,1400
taguatinga,161,3,2,1,,2000
taguatinga,110,,,,,1900
taguatinga,27,,1,,308,2000
taguatinga,25,1,1,,,420
taguatinga,82,,,4,,2300
taguatinga,64,,1,,,800
taguatinga,66,,2,,850,3000
taguatinga,250,,,,,3500
taguatinga,79,3,2,1,430,1700
taguatinga,43,,1,1,300,1760
taguatinga,64,2,1,1,571,1200
taguatinga,39,,1,1,273,1600
taguatinga,60,2,1,,,800
taguatinga,30,1,1,,,369
taguatinga,52,2,2,1,350,1250
taguatinga,80,2,2,3,,1150
taguatinga,32,,1,,130,750
taguatinga,24,,1,,246,900
taguatinga,290,,3,,,16000
taguatinga,350,,3,11,,30000
taguatinga,70,,1,,,1100
taguatinga,53,2,2,,,1100
taguatinga,30,1,1,1,,600
taguatinga,42,,1,,520,550
taguatinga,22,,,1,,1000
taguatinga,64,2,2,,,1200
taguatinga,60,2,1,1,571,1000
taguatinga,1200,,3,,,42000
taguatinga,60,2,1,,,800
taguatinga,90,3,,1,787,2300
taguatinga,55,,1,,781,4000
taguatinga,27,,1,,308,2000
taguatinga,1500,,,,,80000
taguatinga,32,,1,,130,750
taguatinga,36,1,1,1,,2300
taguatinga,30,,1,,1325,2100
taguatinga,58,2,,1,349,1650
taguatinga,36,1,1,,300,1400
taguatinga,100,3,2,,,1300
taguatinga,921,,5,10,,15000
taguatinga,285,,,,,8000
taguatinga,66,2,2,,163,1300
taguatinga,340,3,3,1,,17000
taguatinga,35,1,1,,,400
taguatinga,120,,2,,,2500
taguatinga,30,,1,,60,500
taguatinga,125,,2,,,3500
taguatinga,50,,1,,,3000
taguatinga,50,,,,,2000
taguatinga,150,,2,,,6500
taguatinga,40,,1,,,1400
taguatinga,30,,,,,1200
taguatinga,57,2,1,,90,950
taguatinga,90,3,1,2,,1700
taguatinga,921,,,10,,45000
taguatinga,27,,1,,,1200
taguatinga,29,,1,,30,800
taguatinga,66,1,1,,250,1100
taguatinga,74,2,2,,315,835
taguatinga,180,,,,,6000
taguatinga,40,,1,,,1650
taguatinga,200,,,1,,1300
taguatinga,40,,1,,,700
taguatinga,390,,,,,5500
taguatinga,35,,1,,270,550
taguatinga,75,,1,,,2500
taguatinga,70,2,1,1,,900
taguatinga,200,,,1,,1300
taguatinga,130,,1,,,2000
taguatinga,30,,,,,1400
taguatinga,4513,,,,,80000
taguatinga,45,,1,,60,1300
taguatinga,70,2,1,2,,1200
taguatinga,40,1,1,,,500
taguatinga,59,2,2,,333,1180
taguatinga,50,2,1,1,330,1100
taguatinga,25,,1,,288,1300
taguatinga,35,,1,,200,1000
taguatinga,40,1,1,,80,550
taguatinga,123,,2,,,2700
taguatinga,279,,4,,,6500
vicente-pires,60,2,1,1,100,1100
vicente-pires,30,1,1,,,510
vicente-pires,38,2,1,1,200,1200
vicente-pires,81,2,1,1,285,1300
vicente-pires,50,2,1,1,150,1300
vicente-pires,24,1,1,,,700
vicente-pires,35,1,1,,,510
vicente-pires,43,1,1,,170,600
vicente-pires,72,2,1,1,95,1300
vicente-pires,450,4,4,4,,5500
vicente-pires,30,1,1,,,570
vicente-pires,43,2,1,,,900
vicente-pires,30,1,1,,,650
vicente-pires,30,1,,1,50,750
vicente-pires,200,3,3,2,553,3500
vicente-pires,30,1,1,,,510
vicente-pires,45,2,1,,,600
vicente-pires,60,2,1,,,800
vicente-pires,61,2,1,,,1050
vicente-pires,25,1,1,,175,550
vicente-pires,60,3,1,,200,1100
vicente-pires,40,1,1,,,550
vicente-pires,80,3,1,1,180,1500
vicente-pires,48,2,1,,180,1100
vicente-pires,58,2,2,1,180,1500
vicente-pires,50,2,1,1,50,1300
vicente-pires,35,1,1,,,510
vicente-pires,40,1,1,1,,810
vicente-pires,40,1,1,,180,680
vicente-pires,35,1,1,1,85,500
